Workbook

Sheet input
A1: № опыта | B1: План вкодированных переменных | D1: План в отношениях | F1: План в исходных перемещениях | I1: Отклик
B2: δ1 | C2: δ2 | D2: Z1 | E2: Z2 | F2: х1 | G2: х2 | H2: х3 | I2: у₁ | J2: у2 | K2: у3 | L2: уср.
A3: 1 | B3: -1 | C3: -1 | D3: =F3/G3 -> 1 | E3: =H3/G3 -> 0.28571429 | F3: 43.75 | G3: 43.75 | H3: 12.5 | I3: 1167 | J3: 1238 | K3: 963 | L3: =AVERAGE(I3,J3,K3) -> 1122.6667
A4: 2 | B4: -1 | C4: 1 | D4: =F4/G4 -> 1 | E4: =H4/G4 -> 0.85714286 | F4: 35 | G4: 35 | H4: 30 | I4: 991 | J4: 992 | K4: 849 | L4: =AVERAGE(I4,J4,K4) -> 944
A5: 3 | B5: 1 | C5: -1 | D5: =F5/G5 -> 1.5727767 | E5: =H5/G5 -> 0.28595939 | F5: 55 | G5: 34.97 | H5: 10 | I5: 1167 | J5: 1116 | K5: 1135 | L5: =AVERAGE(I5,J5,K5) -> 1139.3333
A6: 4 | B6: 1 | C6: 1 | D6: =F6/G6 -> 1.8208184 | E6: =H6/G6 -> 0.99324593 | F6: 45.83 | G6: 25.17 | H6: 25 | I6: 967 | J6: 1119 | K6: 1058 | L6: =AVERAGE(I6,J6,K6) -> 1048
A9: Gкрит | B9: V₁ | C9: V₂ | D9: q
A10: 0.7679 | B10: 2 | C10: =4 -> 4 | D10: 0.05
A12: t_крит | B12: 2.306
A13: F_крит | B13: 239

Sheet math
A1: b0 | B1: =SUM(input!L3:L6)/4 -> 1063.5 | D1: Y= | E1: =""&ROUND(B1,2)&"+"&ROUND(B2,2)&"*"&A4&"+"&ROUND(B3,2)&"*"&A5&"" -> 1063.5+30.17*δ1+-67.5*δ2
A2: b1 | B2: =(-input!L3-input!L4+input!L5+input!L6)/4 -> 30.166667
A3: b2 | B3: =(-input!L3+input!L4-input!L5+input!L6)/4 -> -67.5
A4: δ1 | B4: =((input!F3/input!G3)-B6)/B8 -> -1
A5: δ2 | B5: =(input!E3-B7)/B9 -> -0.82480353 | I5: S₁² | J5: S₂² | K5: S₃² | L5: G
A6: z₁ср. | B6: =SUM(input!D3:D6)/4 -> 1.3483988 | E6: в | F6: t | I6: =(input!L3-input!I3)^2 -> 1965.4444 | J6: =(input!L3-input!J3)^2 -> 13301.778 | K6: =(input!L3-input!K3)^2 -> 25493.444 | L6: =MAX(I6:K6)/SUM(I6:K6) -> 0.62544228 | M6: =IF(L6<input!$A$10,"OK"," not OK") -> OK
A7: z₂ср. | B7: =SUM(input!E3:E6)/4 -> 0.60551562 | D7: b₀ | E7: =B1+B2*(-1)*B6/B8+B3*B7*(-1)/B9 -> 1052.161 | F7: =ABS(E7)/$B$11 -> 39.729734 | G7: =IF(F7>input!$B$12,"+"," -") -> + | H7: =IF(F7>input!$B$12,"Значимое"," Не знач") -> Значимое | I7: =(input!L4-input!I4)^2 -> 2209 | J7: =(input!L4-input!J4)^2 -> 2304 | K7: =(input!L4-input!K4)^2 -> 9025 | L7: =MAX(I7:K7)/SUM(I7:K7) -> 0.66664204 | M7: =IF(L7<input!$A$10,"OK"," not OK") -> OK
A8: Pz₁ | B8: =B6-MIN(input!D3:D6) -> 0.34839878 | D8: b₁ | E8: =B2/B8 -> 86.586604 | F8: =ABS(E8)/$B$11 -> 3.2695213 | G8: =IF(F8>input!$B$12,"+"," -") -> + | H8: =IF(F8>input!$B$12,"Значимое"," Не знач") -> Значимое | I8: =(input!L5-input!I5)^2 -> 765.44444 | J8: =(input!L5-input!J5)^2 -> 544.44444 | K8: =(input!L5-input!K5)^2 -> 18.777778 | L8: =MAX(I8:K8)/SUM(I8:K8) -> 0.57609968 | M8: =IF(L8<input!$A$10,"OK"," not OK") -> OK
A9: Pz₂ | B9: =MAX(input!E3:E6)-B7 -> 0.38773031 | D9: b₂ | E9: =B3/B9 -> -174.09008 | F9: =ABS(E9)/$B$11 -> 6.5736636 | G9: =IF(F9>input!$B$12,"+"," -") -> + | H9: =IF(F9>input!$B$12,"Значимое"," Не знач") -> Значимое | I9: =(input!L6-input!I6)^2 -> 6561 | J9: =(input!L6-input!J6)^2 -> 5041 | K9: =(input!L6-input!K6)^2 -> 100 | L9: =MAX(I9:K9)/SUM(I9:K9) -> 0.56067339 | M9: =IF(L9<input!$A$10,"OK"," not OK") -> OK
A10: S^2_вос | B10: =SUM(I6:K9)/8 -> 8416.1667
A11: S_в | B11: =SQRT(B10/12) -> 26.482961 | D11: F | E11: =B10/output!F7 -> 17.655265 | F11: =IF(E11<input!$B$13,"Гипотеза не отвергается"," Гиппотеза отвергается") -> Гипотеза не отвергается

Sheet output
A1: Итог
A2: у_ср | B2: δ1 | C2: δ2 | D2: y | E2: у ср-у | F2: (у ср-у)^2
A3: =input!L3 -> 1122.6667 | B3: =input!B3 -> -1 | C3: =input!C3 -> -1 | D3: =IF(math!G$7="+", math!$B$1, 0)+IF(math!G$8="+", math!$B$2, 0)*B3+IF(math!G$9="+", math!$B$3, 0)*C3 -> 1100.8333 | E3: =A3-D3 -> 21.833333 | F3: =E3^2 -> 476.69444
A4: =input!L4 -> 944 | B4: =input!B4 -> -1 | C4: =input!C4 -> 1 | D4: =IF(math!G$7="+", math!$B$1, 0)+IF(math!G$8="+", math!$B$2, 0)*B4+IF(math!G$9="+", math!$B$3, 0)*C4 -> 965.83333 | E4: =A4-D4 -> -21.833333 | F4: =E4^2 -> 476.69444
A5: =input!L5 -> 1139.3333 | B5: =input!B5 -> 1 | C5: =input!C5 -> -1 | D5: =IF(math!G$7="+", math!$B$1, 0)+IF(math!G$8="+", math!$B$2, 0)*B5+IF(math!G$9="+", math!$B$3, 0)*C5 -> 1161.1667 | E5: =A5-D5 -> -21.833333 | F5: =E5^2 -> 476.69444
A6: =input!L6 -> 1048 | B6: =input!B6 -> 1 | C6: =input!C6 -> 1 | D6: =IF(math!G$7="+", math!$B$1, 0)+IF(math!G$8="+", math!$B$2, 0)*B6+IF(math!G$9="+", math!$B$3, 0)*C6 -> 1026.1667 | E6: =A6-D6 -> 21.833333 | F6: =E6^2 -> 476.69444
F7: =AVERAGE(F3:F6) -> 476.69444
